mapping,persistent_vm_count,initial_task_1_reward,naive_stage_125_reward,replay_stage_125_reward,naive_final_bwt,replay_final_bwt,naive_final_retention_pct,replay_final_retention_pct,reactive_stage_125_reward
linear,1000,-643.7386574745178,-77.91832226514816,-304.44090151786804,565.8203352093697,339.2977559566498,100.0,100.0,-189.77206285794577
convex,1000,-577.1586227416992,-169.30910074710846,-349.5088095664978,407.8495219945907,227.64981317520144,100.0,100.0,-295.5713587681453
threshold,1000,-746.8119206428528,-323.2472972869873,-416.75350689888,423.5646233558655,330.0584137439728,100.0,100.0,-191.03983457883203
