policy,total_reward,total_resource_cost,total_scaling_cost,slo_violation_rate,scale_action_count,mean_task_count,mean_overprovision_ratio,final_task_count
reactive_threshold,-558.7864857409052,185.35000000000002,21.0,0.0,30,12.871527777777779,0.6118688583374023,10
static_median,-2124.3062909086566,57.599999999999994,0.0,0.3263888888888889,0,4.0,0.13674315810203552,4
static_p95,-588.620395275566,172.8,0.0,0.04861111111111111,0,12.0,0.6057072877883911,12
